[
  {
    "model": "api.DataDefinitionType",
    "pk": 1,
    "fields": {
      "name": "integer"
    }
  },
  {
    "model": "api.DataDefinitionType",
    "pk": 2,
    "fields": {
      "name": "json"
    }
  },
  {
    "model": "api.DataDefinitionType",
    "pk": 3,
    "fields": {
      "name": "float"
    }
  },
  {
    "model": "api.ControlType",
    "pk": 1,
    "fields": {
      "name": "Is Grocery Service",
      "notes": "dummy_is_grocery_service == 1 dim_service_types.dummy_is_grocery_service = 1"
    }
  },
  {
    "model": "api.ControlType",
    "pk": 2,
    "fields": {
      "name": "Prepack & Choice Only",
      "notes": "SC 10 & 15 dim_service_types.service_category_code IN (10, 15)"
    }
  },
  {
    "model": "api.ControlType",
    "pk": 3,
    "fields": {
      "name": "Produce Only",
      "notes": "SC 20 dim_service_types.service_category_code IN (20)"
    }
  },
  {
    "model": "api.ControlType",
    "pk": 4,
    "fields": {
      "name": "Everything",
      "notes": "Unrestricted NULL"
    }
  },
  {
    "model": "api.ControlType",
    "pk": 5,
    "fields": {
      "name": "TEFAP",
      "notes": "Single service type - TEFAP services only"
    }
  },
  {
    "model": "api.ReportScope",
    "pk": 1,
    "fields": {
      "type": "Hierarchy",
      "name": "Event",
      "field_reference": "event_id"
    }
  },
  {
    "model": "api.ReportScope",
    "pk": 2,
    "fields": {
      "type": "Hierarchy",
      "name": "Location",
      "field_reference": "loc_id"
    }
  },
  {
    "model": "api.ReportScope",
    "pk": 3,
    "fields": {
      "type": "Hierarchy",
      "name": "Organization",
      "field_reference": "org_id"
    }
  },
  {
    "model": "api.ReportScope",
    "pk": 4,
    "fields": {
      "type": "Hierarchy",
      "name": "County",
      "field_reference": "cnty_id"
    }
  },
  {
    "model": "api.ReportScope",
    "pk": 5,
    "fields": {
      "type": "Hierarchy",
      "name": "Foodbank",
      "field_reference": "fb_id"
    }
  },
  {
    "model": "api.ReportScope",
    "pk": 6,
    "fields": {
      "type": "Hierarchy",
      "name": "State",
      "field_reference": "state_id"
    }
  },
  {
    "model": "api.ReportScope",
    "pk": 7,
    "fields": {
      "type": "Hierarchy",
      "name": "Multi-Event",
      "field_reference": "ra_id"
    }
  },
  {
    "model": "api.ReportScope",
    "pk": 8,
    "fields": {
      "type": "Hierarchy",
      "name": "Multi-Location",
      "field_reference": "cluster_id"
    }
  },
  {
    "model": "api.ReportScope",
    "pk": 9,
    "fields": {
      "type": "Geography",
      "name": "State",
      "field_reference": "fips_state"
    }
  },
  {
    "model": "api.ReportScope",
    "pk": 10,
    "fields": {
      "type": "Geography",
      "name": "County",
      "field_reference": "fips_cnty"
    }
  },
  {
    "model": "api.ReportScope",
    "pk": 11,
    "fields": {
      "type": "Geography",
      "name": "Tract",
      "field_reference": "fips_tract"
    }
  },
  {
    "model": "api.ReportScope",
    "pk": 12,
    "fields": {
      "type": "Geography",
      "name": "Zip Code Area",
      "field_reference": "fips_zcta"
    }
  },
  {
    "model": "api.ReportScope",
    "pk": 13,
    "fields": {
      "type": "Geography",
      "name": "State Congressional District",
      "field_reference": "fips_sldl"
    }
  },
  {
    "model": "api.ReportScope",
    "pk": 14,
    "fields": {
      "type": "Geography",
      "name": "State Senate",
      "field_reference": "fips_sldu"
    }
  },
  {
    "model": "api.ReportScope",
    "pk": 15,
    "fields": {
      "type": "Geography",
      "name": "Federal Congressional District",
      "field_reference": "fips_cd"
    }
  },
  {
    "model": "api.ReportScope",
    "pk": 16,
    "fields": {
      "type": "Geography",
      "name": "School District",
      "field_reference": "fips_unsd"
    }
  },
  {
    "model": "api.ReportingDictionary",
    "pk": 1,
    "fields": {
      "name": "Default Reporting Engine Output",
      "definition": "80+ data definitions"
    }
  },
  {
    "model": "api.ReportingDictionary",
    "pk": 2,
    "fields": {
      "name": "State AddIn - Ohio",
      "definition": "15 data points (full Ohio Grid)"
    }
  },
  {
    "model": "api.ReportingDictionary",
    "pk": 3,
    "fields": {
      "name": "Food Bank Add-in - MOFC",
      "definition": "4 unique #s"
    }
  },
  {
    "model": "api.ReportingDictionary",
    "pk": 4,
    "fields": {
      "name": "Food Bank Add-in - Virginia Peninsula",
      "definition": "7 unique data definitions"
    }
  },
  {
    "model": "api.DataDefinition",
    "pk": 1,
    "fields": {
      "name": "service_total",
      "definition_public": "big_numbers",
      "calculation_notes": "Count of fact-services entries",
      "data_definition_type_id": 1
    }
  },
  {
    "model": "api.DataDefinition",
    "pk": 2,
    "fields": {
      "name": "undup_hh_total",
      "definition_public": "big_numbers",
      "calculation_notes": "Count distinct of research_family_key from fact_services entries",
      "data_definition_type_id": 1
    }
  },
  {
    "model": "api.DataDefinition",
    "pk": 3,
    "fields": {
      "name": "undup_indv_total",
      "definition_public": "big_numbers",
      "calculation_notes": "Count distinct of research_member_key from fact_service_members entries",
      "data_definition_type_id": 1
    }
  },
  {
    "model": "api.DataDefinition",
    "pk": 4,
    "fields": {
      "name": "services_per_uhh_avg",
      "definition_public": "big_numbers",
      "calculation_notes": "Quotient of services_total divided by undup_hh_total",
      "data_definition_type_id": 3
    }
  },
  {
    "model": "api.DataDefinition",
    "pk": 5,
    "fields": {
      "name": "hh_wminor",
      "definition_public": "addin_ohio",
      "calculation_notes": "Count of fact_services entries where served_children > 0",
      "data_definition_type_id": 1
    }
  },
  {
    "model": "api.DataDefinition",
    "pk": 6,
    "fields": {
      "name": "hh_wominor",
      "definition_public": "addin_ohio",
      "calculation_notes": "Count of fact_services entries where served_children == 0",
      "data_definition_type_id": 1
    }
  },
  {
    "model": "api.DataDefinition",
    "pk": 7,
    "fields": {
      "name": "hh_total",
      "definition_public": "addin_ohio",
      "calculation_notes": "Count of fact-services entries",
      "data_definition_type_id": 1
    }
  },
  {
    "model": "api.DataDefinition",
    "pk": 8,
    "fields": {
      "name": "indv_sen_hh_wminor",
      "definition_public": "addin_ohio",
      "calculation_notes": "Sum of fact_services.served_seniors where served_children > 0",
      "data_definition_type_id": 1
    }
  },
  {
    "model": "api.DataDefinition",
    "pk": 9,
    "fields": {
      "name": "indv_sen_hh_wominor",
      "definition_public": "addin_ohio",
      "calculation_notes": "Sum of fact_services.served_seniors where served_children == 0",
      "data_definition_type_id": 1
    }
  },
  {
    "model": "api.DataDefinition",
    "pk": 10,
    "fields": {
      "name": "indv_sen_total",
      "definition_public": "addin_ohio",
      "calculation_notes": "Sum of fact_services.served_seniors",
      "data_definition_type_id": 1
    }
  },
  {
    "model": "api.DataDefinition",
    "pk": 11,
    "fields": {
      "name": "indv_adult_hh_wminor",
      "definition_public": "addin_ohio",
      "calculation_notes": "Sum of fact_services.served_adult where served_children > 0",
      "data_definition_type_id": 1
    }
  },
  {
    "model": "api.DataDefinition",
    "pk": 12,
    "fields": {
      "name": "indv_adult_hh_wominor",
      "definition_public": "addin_ohio",
      "calculation_notes": "Sum of fact_services.served_adult where served_children == 0",
      "data_definition_type_id": 1
    }
  },
  {
    "model": "api.DataDefinition",
    "pk": 13,
    "fields": {
      "name": "indv_adult_total",
      "definition_public": "addin_ohio",
      "calculation_notes": "Sum of fact_services.served_adult",
      "data_definition_type_id": 1
    }
  },
  {
    "model": "api.DataDefinition",
    "pk": 14,
    "fields": {
      "name": "indv_child_hh_wminor",
      "definition_public": "addin_ohio",
      "calculation_notes": "Sum of fact_services.served_children where served_children > 0",
      "data_definition_type_id": 1
    }
  },
  {
    "model": "api.DataDefinition",
    "pk": 15,
    "fields": {
      "name": "indv_child_hh_wominor",
      "definition_public": "addin_ohio",
      "calculation_notes": "Sum of fact_services.served_children where served_children == 0",
      "data_definition_type_id": 1
    }
  },
  {
    "model": "api.DataDefinition",
    "pk": 16,
    "fields": {
      "name": "indv_child_total",
      "definition_public": "addin_ohio",
      "calculation_notes": "Sum of fact_services.served_children",
      "data_definition_type_id": 1
    }
  },
  {
    "model": "api.DataDefinition",
    "pk": 17,
    "fields": {
      "name": "indv_total_hh_wminor",
      "definition_public": "addin_ohio",
      "calculation_notes": "Sum of fact_services.(served_children + served_adults + served_seniors) where served_children > 0",
      "data_definition_type_id": 1
    }
  },
  {
    "model": "api.DataDefinition",
    "pk": 18,
    "fields": {
      "name": "indv_total_hh_wominor",
      "definition_public": "addin_ohio",
      "calculation_notes": "Sum of fact_services.(served_children + served_adults + served_seniors) where served_children == 0",
      "data_definition_type_id": 1
    }
  },
  {
    "model": "api.DataDefinition",
    "pk": 19,
    "fields": {
      "name": "indv_total",
      "definition_public": "addin_ohio",
      "calculation_notes": "Sum of fact_services.(served_children + served_adults + served_seniors)",
      "data_definition_type_id": 1
    }
  },
  {
    "model": "api.DataDefinition",
    "pk": 20,
    "fields": {
      "name": "hh_wsenior",
      "definition_public": "addin_mid_ohio_foodbank",
      "calculation_notes": "Count of fact_services entries where served_seniors > 0",
      "data_definition_type_id": 1
    }
  },
  {
    "model": "api.DataDefinition",
    "pk": 21,
    "fields": {
      "name": "hh_wosenior",
      "definition_public": "addin_mid_ohio_foodbank",
      "calculation_notes": "Count of fact_services entries where served_seniors == 0",
      "data_definition_type_id": 1
    }
  },
  {
    "model": "api.DataDefinition",
    "pk": 22,
    "fields": {
      "name": "hh_grandparent",
      "definition_public": "addin_mid_ohio_foodbank",
      "calculation_notes": "Count of fact_services entries where served_seniors > 0 AND served_children > 0",
      "data_definition_type_id": 1
    }
  },
  {
    "model": "api.DataDefinition",
    "pk": 23,
    "fields": {
      "name": "service_summary_service",
      "definition_public": "A summary of services by service type. Provides a detailed summary of network output by each type of service.",
      "calculation_notes": "Base services, group by service id, show count of services as duplicated families served, and sum of fact_services.served_total as duplicated people served.",
      "interpretation_notes": "Will not show any variables that have zero observations.",
      "data_definition_type_id": 2
    }
  },
  {
    "model": "api.DataDefinition",
    "pk": 24,
    "fields": {
      "name": "service_summary_category",
      "definition_public": "A summary of services by service cateogry. This provides a high-level summary of network output.",
      "calculation_notes": "Base services, group by service category name, show count of services as duplicated families served, and sum of fact_services.served_total as duplicated people served.",
      "interpretation_notes": "Will not show any variables that have zero observations.",
      "data_definition_type_id": 2
    }
  },
  {
    "model": "api.DataDefinition",
    "pk": 25,
    "fields": {
      "name": "distribution_outlets",
      "definition_public": "A summary of how many sites customers visited during the reporting timeframe.",
      "calculation_notes": "Base services, group by research_family_key, summarise sites visited as a count distinct of loc_id, group by sites visited, summarise unduplicated families as a count of observations.",
      "interpretation_notes": "Will not show any variables that have zero observations, recommend reporting clients summarize data as 1, 2, 3, 4, and 5+ sites visited.",
      "data_definition_type_id": 2
    }
  },
  {
    "model": "api.DataDefinition",
    "pk": 26,
    "fields": {
      "name": "fam_frequency_of_visits",
      "definition_public": "A summary of how many families received how many services in the timeframe.",
      "calculation_notes": "Base families, group by number of services, show count of unduplicated families in each group. Cap output at 25+.",
      "interpretation_notes": "The general insight is that grocery service data shows a large number of families receiving a few services, and a few families receiving large services. This trend has been shown across states, foodbanks, counties, and agencies for any annual timeframe.",
      "data_definition_type_id": 2
    }
  },
  {
    "model": "api.DataDefinition",
    "pk": 27,
    "fields": {
      "name": "fam_service_distribution",
      "definition_public": "A summary of how many total services were received by families in the timeframe.",
      "calculation_notes": "Base families, group by number of services, show sum of services received (unduplicated families * services) in each group. Cap output at 25+.",
      "interpretation_notes": "The general insight is that families who receive more services are fewer in number, and . E.g. if 3500 families receive 10 services each, the 10 group received 35000 services. This is likely fewer services received total than all the families who received 1 service, 2 services,etc...",
      "data_definition_type_id": 2
    }
  },
  {
    "model": "api.DataDefinition",
    "pk": 28,
    "fields": {
      "name": "fam_household_composition",
      "definition_public": "Provides an unduplicated 7 category breakdown of family composition.",
      "calculation_notes": "Base families, group by family_composition_type, summarise unduplicated count of families.",
      "interpretation_notes": "A family household composition is derived from their most frequent household composition in ALL services received, not just the ones from the reporting timeframe.",
      "data_definition_type_id": 2
    }
  },
  {
    "model": "api.DataDefinition",
    "pk": 29,
    "fields": {
      "name": "fam_family_composition_key_insight",
      "definition_public": "Provides a high-level statistic about how many families contained at least one child and one senior.",
      "calculation_notes": "Base families, group by family_composition_type, summarise unduplicated count of families, group again by has_child_senior, summarise unduplicated count of families.",
      "interpretation_notes": "This is a powerful statistic and shows grocery services benefit many types of families, and most of them have at least one senior or child.",
      "data_definition_type_id": 2
    }
  },
  {
    "model": "api.DataDefinition",
    "pk": 30,
    "fields": {
      "name": "fam_household_size_distribution_1_10",
      "definition_public": "Provides a summary of family size, 1 - 10+",
      "calculation_notes": "Base families, round average family size, bring up any family size <1 to 1, group by family_size, summarise unduplicated count of families. Cap output at 10+.",
      "interpretation_notes": "One of the original myths about grocery services was that all families were large. The typical result of this data is that the majority of families are in line with the average demographics in their area.",
      "data_definition_type_id": 2
    }
  },
  {
    "model": "api.DataDefinition",
    "pk": 31,
    "fields": {
      "name": "fam_household_size_distribution_classic",
      "definition_public": "Provides a summary of family size, 1 - 3, 4 - 6, 7+",
      "calculation_notes": "Base families, round average family size, bring up any family size <1 to 1, group by family_size, summarise unduplicated count of families, summarise output at classic levels",
      "interpretation_notes": "One of the original myths about grocery services was that all families were large. The typical result of this data is that the majority of families are in line with the average demographics in their area. This is the classical breakdown of family size.",
      "data_definition_type_id": 2
    }
  },
  {
    "model": "api.ReportingDictionaryDefinition",
    "pk": 1,
    "fields": {
      "report_dictionary_id": 1,
      "data_definition_id": 1,
      "section_id": 1
    }
  },
  {
    "model": "api.ReportingDictionaryDefinition",
    "pk": 2,
    "fields": {
      "report_dictionary_id": 1,
      "data_definition_id": 2,
      "section_id": 1
    }
  },
  {
    "model": "api.ReportingDictionaryDefinition",
    "pk": 3,
    "fields": {
      "report_dictionary_id": 1,
      "data_definition_id": 3,
      "section_id": 1
    }
  },
  {
    "model": "api.ReportingDictionaryDefinition",
    "pk": 4,
    "fields": {
      "report_dictionary_id": 1,
      "data_definition_id": 4,
      "section_id": 1
    }
  },
  {
    "model": "api.ReportingDictionaryDefinition",
    "pk": 5,
    "fields": {
      "report_dictionary_id": 2,
      "data_definition_id": 5,
      "section_id": 8
    }
  },
  {
    "model": "api.ReportingDictionaryDefinition",
    "pk": 6,
    "fields": {
      "report_dictionary_id": 2,
      "data_definition_id": 6,
      "section_id": 8
    }
  },
  {
    "model": "api.ReportingDictionaryDefinition",
    "pk": 7,
    "fields": {
      "report_dictionary_id": 2,
      "data_definition_id": 7,
      "section_id": 8
    }
  },
  {
    "model": "api.ReportingDictionaryDefinition",
    "pk": 8,
    "fields": {
      "report_dictionary_id": 2,
      "data_definition_id": 8,
      "section_id": 8
    }
  },
  {
    "model": "api.ReportingDictionaryDefinition",
    "pk": 9,
    "fields": {
      "report_dictionary_id": 2,
      "data_definition_id": 9,
      "section_id": 8
    }
  },
  {
    "model": "api.ReportingDictionaryDefinition",
    "pk": 10,
    "fields": {
      "report_dictionary_id": 2,
      "data_definition_id": 10,
      "section_id": 8
    }
  },
  {
    "model": "api.ReportingDictionaryDefinition",
    "pk": 11,
    "fields": {
      "report_dictionary_id": 2,
      "data_definition_id": 11,
      "section_id": 8
    }
  },
  {
    "model": "api.ReportingDictionaryDefinition",
    "pk": 12,
    "fields": {
      "report_dictionary_id": 2,
      "data_definition_id": 12,
      "section_id": 8
    }
  },
  {
    "model": "api.ReportingDictionaryDefinition",
    "pk": 13,
    "fields": {
      "report_dictionary_id": 2,
      "data_definition_id": 13,
      "section_id": 8
    }
  },
  {
    "model": "api.ReportingDictionaryDefinition",
    "pk": 14,
    "fields": {
      "report_dictionary_id": 2,
      "data_definition_id": 14,
      "section_id": 8
    }
  },
  {
    "model": "api.ReportingDictionaryDefinition",
    "pk": 15,
    "fields": {
      "report_dictionary_id": 2,
      "data_definition_id": 15,
      "section_id": 8
    }
  },
  {
    "model": "api.ReportingDictionaryDefinition",
    "pk": 16,
    "fields": {
      "report_dictionary_id": 2,
      "data_definition_id": 16,
      "section_id": 8
    }
  },
  {
    "model": "api.ReportingDictionaryDefinition",
    "pk": 17,
    "fields": {
      "report_dictionary_id": 2,
      "data_definition_id": 17,
      "section_id": 8
    }
  },
  {
    "model": "api.ReportingDictionaryDefinition",
    "pk": 18,
    "fields": {
      "report_dictionary_id": 2,
      "data_definition_id": 18,
      "section_id": 8
    }
  },
  {
    "model": "api.ReportingDictionaryDefinition",
    "pk": 19,
    "fields": {
      "report_dictionary_id": 2,
      "data_definition_id": 19,
      "section_id": 8
    }
  },
  {
    "model": "api.ReportingDictionaryDefinition",
    "pk": 20,
    "fields": {
      "report_dictionary_id": 3,
      "data_definition_id": 20,
      "section_id": 9
    }
  },
  {
    "model": "api.ReportingDictionaryDefinition",
    "pk": 21,
    "fields": {
      "report_dictionary_id": 3,
      "data_definition_id": 21,
      "section_id": 9
    }
  },
  {
    "model": "api.ReportingDictionaryDefinition",
    "pk": 22,
    "fields": {
      "report_dictionary_id": 3,
      "data_definition_id": 7,
      "section_id": 9
    }
  },
  {
    "model": "api.ReportingDictionaryDefinition",
    "pk": 23,
    "fields": {
      "report_dictionary_id": 3,
      "data_definition_id": 22,
      "section_id": 9
    }
  },
  {
    "model": "api.ReportingDictionaryDefinition",
    "pk": 24,
    "fields": {
      "report_dictionary_id": 1,
      "data_definition_id": 23,
      "section_id": 2
    }
  },
  {
    "model": "api.ReportingDictionaryDefinition",
    "pk": 25,
    "fields": {
      "report_dictionary_id": 1,
      "data_definition_id": 24,
      "section_id": 2
    }
  },
  {
    "model": "api.ReportingDictionaryDefinition",
    "pk": 26,
    "fields": {
      "report_dictionary_id": 1,
      "data_definition_id": 25,
      "section_id": 2
    }
  },
  {
    "model": "api.ReportingDictionaryDefinition",
    "pk": 27,
    "fields": {
      "report_dictionary_id": 1,
      "data_definition_id": 26,
      "section_id": 3
    }
  },
  {
    "model": "api.ReportingDictionaryDefinition",
    "pk": 27,
    "fields": {
      "report_dictionary_id": 1,
      "data_definition_id": 27,
      "section_id": 3
    }
  },
  {
    "model": "api.ReportingDictionaryDefinition",
    "pk": 27,
    "fields": {
      "report_dictionary_id": 1,
      "data_definition_id": 28,
      "section_id": 3
    }
  },
  {
    "model": "api.ReportingDictionaryDefinition",
    "pk": 27,
    "fields": {
      "report_dictionary_id": 1,
      "data_definition_id": 29,
      "section_id": 3
    }
  },
  {
    "model": "api.ReportingDictionaryDefinition",
    "pk": 27,
    "fields": {
      "report_dictionary_id": 1,
      "data_definition_id": 30,
      "section_id": 3
    }
  },
  {
    "model": "api.ReportingDictionaryDefinition",
    "pk": 27,
    "fields": {
      "report_dictionary_id": 1,
      "data_definition_id": 31,
      "section_id": 3
    }
  },
  {
    "model": "api.RunType",
    "pk": 1,
    "fields": {
      "name": "One Time"
    }
  },
  {
    "model": "api.RunType",
    "pk": 2,
    "fields": {
      "name": "Recurring"
    }
  },
  {
    "model":"api.TimeframeType",
    "pk":1,
    "fields":{
        "name" : "Last Month",
        "dim_dates_reference" : "NA",
        "current_start_date" : "2021-01-01",
        "current_end_date": "2021-01-31"
    }
  },
  {
    "model":"api.TimeframeType",
    "pk":2,
    "fields":{
        "name" : "Rolling 12 Months",
        "dim_dates_reference" : "NA",
        "current_start_date" : "2020-02-01",
        "current_end_date": "2021-01-31"
    }
  },
  {
    "model":"api.TimeframeType",
    "pk":3,
    "fields":{
        "name" : "CY To Date",
        "dim_dates_reference" : "CalendarYear",
        "current_start_date" : "2020-01-01",
        "current_end_date": "2021-01-31"
    }
  },
  {
    "model":"api.TimeframeType",
    "pk":4,
    "fields":{
        "name" : "Fiscal year to date",
        "dim_dates_reference" : "JulFiscalYear",
        "current_start_date" : "2020-07-01",
        "current_end_date": "2021-01-31"
    }
  },
  {
    "model":"api.TimeframeType",
    "pk":5,
    "fields":{
        "name" : "Custom Date Range",
        "dim_dates_reference" : "NA"
    }
},
{
  "model": "api.AddinManager",
  "pk": 1,
  "fields": {
    "name": "Ohio Addin",
    "reporting_dictionary_id": 2,
    "report_scope_id": 6,
    "report_scope_value": 39,
    "control_type_id" : 1

   }
},
{
  "model": "api.AddinManager",
  "pk": 2,
  "fields": {
    "name": "MOFC Addin",
    "reporting_dictionary_id": 3,
    "report_scope_id": 5,
    "report_scope_value": 21,
    "control_type_id" : 1
  }
},
{
  "model": "api.AddinManager",
  "pk": 3,
  "fields": {
    "name": "Virginia Addin",
    "reporting_dictionary_id": 4,
    "report_scope_id": 6,
    "report_scope_value": 51,
    "control_type_id" : 5
  }
},
{
  "model": "api.ReportingDictionarySection",
  "pk": 1,
  "fields": {
      "name": "Big Numbers",
      "reporting_dictionary_id": 1
  }
},
{
  "model": "api.ReportingDictionarySection",
  "pk": 2,
  "fields": {
      "name": "Service",
      "reporting_dictionary_id": 1
  }
},
{
  "model": "api.ReportingDictionarySection",
  "pk": 3,
  "fields": {
      "name": "Families",
      "reporting_dictionary_id": 1
  }
},
{
  "model": "api.ReportingDictionarySection",
  "pk": 4,
  "fields": {
      "name": "New Families",
      "reporting_dictionary_id": 1
  }
},
{
  "model": "api.ReportingDictionarySection",
  "pk": 5,
  "fields": {
      "name": "Geographic Origin",
      "reporting_dictionary_id": 1
  }
},
{
  "model": "api.ReportingDictionarySection",
  "pk": 6,
  "fields": {
      "name": "Family Members",
      "reporting_dictionary_id": 1
  }
},
{
  "model": "api.ReportingDictionarySection",
  "pk": 7,
  "fields": {
      "name": "Trends",
      "reporting_dictionary_id": 1
  }
},
{
  "model": "api.ReportingDictionarySection",
  "pk": 8,
  "fields": {
      "name": "Ohio Add-in",
      "reporting_dictionary_id": 2
  }
},
{
  "model": "api.ReportingDictionarySection",
  "pk": 9,
  "fields": {
      "name": "MOFC Add-in",
      "reporting_dictionary_id": 3
  }
}
]
